<edmx:Edmx xmlns:edmx="http://schemas.microsoft.com/ado/2007/06/edmx"
	xmlns:m="http://schemas.microsoft.com/ado/2007/08/dataservices/metadata" xmlns:sap="http://www.sap.com/Protocols/SAPData" Version="1.0">
	<edmx:Reference xmlns:edmx="http://docs.oasis-open.org/odata/ns/edmx"
		Uri="https://opera-dev.groupe-atlantic.com:443/sap/opu/odata/IWFND/CATALOGSERVICE;v=2/Vocabularies(TechnicalName='%2FIWBEP%2FVOC_COMMON',Version='0001',SAP__Origin='LOCAL')/$value"><edmx:Include Namespace="com.sap.vocabularies.Common.v1" Alias="Common"/></edmx:Reference>
	<edmx:Reference xmlns:edmx="http://docs.oasis-open.org/odata/ns/edmx"
		Uri="https://opera-dev.groupe-atlantic.com:443/sap/opu/odata/IWFND/CATALOGSERVICE;v=2/Vocabularies(TechnicalName='%2FIWBEP%2FVOC_CAPABILITIES',Version='0001',SAP__Origin='LOCAL')/$value"><edmx:Include Namespace="Org.OData.Capabilities.V1" Alias="Capabilities"/></edmx:Reference>
	<edmx:Reference xmlns:edmx="http://docs.oasis-open.org/odata/ns/edmx"
		Uri="https://opera-dev.groupe-atlantic.com:443/sap/opu/odata/IWFND/CATALOGSERVICE;v=2/Vocabularies(TechnicalName='%2FIWBEP%2FVOC_COMMUNICATION',Version='0001',SAP__Origin='LOCAL')/$value"><edmx:Include Namespace="com.sap.vocabularies.Communication.v1" Alias="Communication"/></edmx:Reference>
	<edmx:DataServices m:DataServiceVersion="2.0">
		<Schema xmlns="http://schemas.microsoft.com/ado/2008/09/edm" Namespace="ZMM082_DETAILS_A_SRV" xml:lang="fr" sap:schema-version="1">
			<EntityType Name="ZMM082_detailType" sap:label="detail des calculs" sap:content-version="1">
				<Key><PropertyRef Name="lifnr"/></Key><Property Name="lifnr" Type="Edm.String" Nullable="false" MaxLength="10" sap:display-format="UpperCase" sap:label="Fournisseur"
					sap:quickinfo="Numéro de compte fournisseur"/><Property Name="ebeln" Type="Edm.String" MaxLength="10" sap:display-format="UpperCase" sap:label="Document d'achat"
					sap:quickinfo="Numéro du document d'achat"/><Property Name="ebelp" Type="Edm.String" MaxLength="5" sap:display-format="NonNegative" sap:label="Poste"
					sap:quickinfo="Numéro de poste du document d'achat"/><Property Name="division" Type="Edm.String" MaxLength="4" sap:display-format="UpperCase" sap:label="Division"/><Property Name="matnr" Type="Edm.String" MaxLength="40" sap:display-format="UpperCase" sap:label="Article" sap:quickinfo="Numéro d'article"/><Property Name="maktx" Type="Edm.String" MaxLength="40" sap:label="Désignation article"/><Property Name="ekorg" Type="Edm.String" MaxLength="4" sap:display-format="UpperCase" sap:label="Organisation achats"
					sap:quickinfo="Organisation d'achats"/><Property Name="datelp" Type="Edm.DateTime" Precision="0" sap:display-format="Date" sap:label="Date" sap:quickinfo="Zone de type DATS"/><Property Name="daterl" Type="Edm.DateTime" Precision="0" sap:display-format="Date" sap:label="Date" sap:quickinfo="Zone de type DATS"/><Property Name="mois" Type="Edm.String" MaxLength="2" sap:display-format="UpperCase" sap:label=""
					sap:quickinfo="Composante du n° de version"/><Property Name="lpein" Type="Edm.String" MaxLength="1" sap:display-format="UpperCase" sap:label="Type date livraison"
					sap:quickinfo="Type de date de livraison"/><Property Name="lfgja" Type="Edm.String" MaxLength="4" sap:display-format="NonNegative" sap:label="Ex.période en cours"
					sap:quickinfo="Exercice comptable de la période en cours"/><Property Name="qte_prev" Type="Edm.Decimal" Precision="13" Scale="3" sap:label="Quantité"/><Property Name="qte_rec" Type="Edm.Decimal" Precision="13" Scale="3" sap:label="Quantité"/><Property Name="resp_qte" Type="Edm.String" MaxLength="2" sap:display-format="UpperCase" sap:label=""
					sap:quickinfo="Composante du n° de version"/><Property Name="resp_date" Type="Edm.String" MaxLength="2" sap:display-format="UpperCase" sap:label=""
					sap:quickinfo="Composante du n° de version"/><Property Name="resp_glob" Type="Edm.String" MaxLength="2" sap:display-format="UpperCase" sap:label=""
					sap:quickinfo="Composante du n° de version"/></EntityType>
			<EntityContainer Name="ZMM082_DETAILS_A_SRV_Entities" m:IsDefaultEntityContainer="true" sap:supported-formats="atom json xlsx"><EntitySet Name="ZMM082_detail" EntityType="ZMM082_DETAILS_A_SRV.ZMM082_detailType" sap:creatable="false" sap:updatable="false"
				sap:deletable="false" sap:content-version="1"/></EntityContainer><atom:link xmlns:atom="http://www.w3.org/2005/Atom" rel="self"
				href="https://opera-dev.groupe-atlantic.com:443/sap/opu/odata/sap/ZMM082_DETAILS_A_SRV/$metadata"/><atom:link xmlns:atom="http://www.w3.org/2005/Atom" rel="latest-version"
				href="https://opera-dev.groupe-atlantic.com:443/sap/opu/odata/sap/ZMM082_DETAILS_A_SRV/$metadata"/></Schema>
	</edmx:DataServices>
</edmx:Edmx>