<edmx:Edmx xmlns:edmx="http://schemas.microsoft.com/ado/2007/06/edmx"
	xmlns:m="http://schemas.microsoft.com/ado/2007/08/dataservices/metadata" xmlns:sap="http://www.sap.com/Protocols/SAPData" Version="1.0">
	<edmx:Reference xmlns:edmx="http://docs.oasis-open.org/odata/ns/edmx"
		Uri="./IWFND/CATALOGSERVICE;v=2/Vocabularies(TechnicalName='%2FIWBEP%2FVOC_COMMON',Version='0001',SAP__Origin='BACKEND')/$value"><edmx:Include Namespace="com.sap.vocabularies.Common.v1" Alias="Common"/></edmx:Reference>
	<edmx:DataServices m:DataServiceVersion="2.0">
		<Schema xmlns="http://schemas.microsoft.com/ado/2008/09/edm" Namespace="ZMM082_TAUX_SUPP_CDS" xml:lang="fr" sap:schema-version="1">
			<EntityType Name="ZMM082_taux_suppType" sap:label="les taux des fournisseurs" sap:content-version="1">
				<Key><PropertyRef Name="ebeln"/><PropertyRef Name="ebelp"/><PropertyRef Name="lifnr"/><PropertyRef Name="division"/><PropertyRef Name="ekorg"/></Key><Property Name="ebeln" Type="Edm.String" Nullable="false" MaxLength="10" sap:display-format="UpperCase" sap:label="Document d'achat"
					sap:quickinfo="Numéro du document d'achat"/><Property Name="resp_glob" Type="Edm.String" MaxLength="2" sap:display-format="UpperCase" sap:label=""
					sap:quickinfo="Composante du n° de version"/><Property Name="mois" Type="Edm.String" MaxLength="2" sap:display-format="UpperCase" sap:label=""
					sap:quickinfo="Composante du n° de version"/><Property Name="noteqte" Type="Edm.Decimal" Precision="16" Scale="2" sap:label="" sap:quickinfo="Ratio"/><Property Name="notedate" Type="Edm.Decimal" Precision="16" Scale="2" sap:label="" sap:quickinfo="Ratio"/><Property Name="noteglob" Type="Edm.Decimal" Precision="16" Scale="2" sap:label="" sap:quickinfo="Ratio"/><Property Name="avg_notedte" Type="Edm.Decimal" Precision="16" Scale="2" sap:label="" sap:quickinfo="Ratio"/><Property Name="avg_noteqte" Type="Edm.Decimal" Precision="16" Scale="2" sap:label="" sap:quickinfo="Ratio"/><Property Name="avg_noteglob" Type="Edm.Decimal" Precision="16" Scale="2" sap:label="" sap:quickinfo="Ratio"/><Property Name="ebelp" Type="Edm.String" Nullable="false" MaxLength="5" sap:display-format="NonNegative" sap:label="Poste"
					sap:quickinfo="Numéro de poste du document d'achat"/><Property Name="lifnr" Type="Edm.String" Nullable="false" MaxLength="10" sap:display-format="UpperCase" sap:label="Fournisseur"
					sap:quickinfo="Numéro de compte fournisseur" sap:value-list="standard"/><Property Name="division" Type="Edm.String" Nullable="false" MaxLength="4" sap:display-format="UpperCase" sap:label="Division"
					sap:value-list="standard"/><Property Name="ekorg" Type="Edm.String" Nullable="false" MaxLength="4" sap:display-format="UpperCase" sap:label="Organisation achats"
					sap:quickinfo="Organisation d'achats" sap:value-list="standard"/><Property Name="lpein" Type="Edm.String" MaxLength="1" sap:display-format="UpperCase" sap:label="Type date livraison"
					sap:quickinfo="Type de date de livraison"/><Property Name="lfgja" Type="Edm.String" MaxLength="4" sap:display-format="NonNegative" sap:label="Ex.période en cours"
					sap:quickinfo="Exercice comptable de la période en cours"/><Property Name="resp_qte" Type="Edm.String" MaxLength="2" sap:display-format="UpperCase" sap:label=""
					sap:quickinfo="Composante du n° de version"/><Property Name="resp_date" Type="Edm.String" MaxLength="2" sap:display-format="UpperCase" sap:label=""
					sap:quickinfo="Composante du n° de version"/><NavigationProperty Name="to_div" Relationship="ZMM082_TAUX_SUPP_CDS.assoc_A774B06924AB3838D9A4E6E2B9D669B6"
					FromRole="FromRole_assoc_A774B06924AB3838D9A4E6E2B9D669B6" ToRole="ToRole_assoc_A774B06924AB3838D9A4E6E2B9D669B6"/><NavigationProperty Name="to_ekorg" Relationship="ZMM082_TAUX_SUPP_CDS.assoc_1D80A27088483DF8517C3E3C4A6983E5"
					FromRole="FromRole_assoc_1D80A27088483DF8517C3E3C4A6983E5" ToRole="ToRole_assoc_1D80A27088483DF8517C3E3C4A6983E5"/><NavigationProperty Name="to_lifnr" Relationship="ZMM082_TAUX_SUPP_CDS.assoc_A102FC3CA9DB333BD62FC23446251F56"
					FromRole="FromRole_assoc_A102FC3CA9DB333BD62FC23446251F56" ToRole="ToRole_assoc_A102FC3CA9DB333BD62FC23446251F56"/></EntityType>
			<EntityType Name="ZPU082DIV_VHType" sap:label="search field division" sap:content-version="1">
				<Key><PropertyRef Name="werks"/></Key><Property Name="werks" Type="Edm.String" Nullable="false" MaxLength="4" sap:display-format="UpperCase" sap:label="Division"/></EntityType>
			<EntityType Name="ZPU082Ekorg_VHType" sap:label="search field Orga com" sap:content-version="1">
				<Key><PropertyRef Name="ekorg"/></Key><Property Name="ekorg" Type="Edm.String" Nullable="false" MaxLength="4" sap:display-format="UpperCase" sap:label="Organisation achats"
					sap:quickinfo="Organisation d'achats"/></EntityType>
			<EntityType Name="ZPU082Lifnr_VHType" sap:label="search field lifnr" sap:content-version="1">
				<Key><PropertyRef Name="lifnr"/></Key><Property Name="lifnr" Type="Edm.String" Nullable="false" MaxLength="10" sap:display-format="UpperCase" sap:label="Fournisseur"
					sap:quickinfo="Numéro de compte fournisseur"/></EntityType>
			<Association Name="assoc_1D80A27088483DF8517C3E3C4A6983E5" sap:content-version="1"><End Type="ZMM082_TAUX_SUPP_CDS.ZMM082_taux_suppType" Multiplicity="1" Role="FromRole_assoc_1D80A27088483DF8517C3E3C4A6983E5"/><End Type="ZMM082_TAUX_SUPP_CDS.ZPU082Ekorg_VHType" Multiplicity="1" Role="ToRole_assoc_1D80A27088483DF8517C3E3C4A6983E5"/></Association>
			<Association Name="assoc_A102FC3CA9DB333BD62FC23446251F56" sap:content-version="1"><End Type="ZMM082_TAUX_SUPP_CDS.ZMM082_taux_suppType" Multiplicity="1" Role="FromRole_assoc_A102FC3CA9DB333BD62FC23446251F56"/><End Type="ZMM082_TAUX_SUPP_CDS.ZPU082Lifnr_VHType" Multiplicity="1" Role="ToRole_assoc_A102FC3CA9DB333BD62FC23446251F56"/></Association>
			<Association Name="assoc_A774B06924AB3838D9A4E6E2B9D669B6" sap:content-version="1"><End Type="ZMM082_TAUX_SUPP_CDS.ZMM082_taux_suppType" Multiplicity="1" Role="FromRole_assoc_A774B06924AB3838D9A4E6E2B9D669B6"/><End Type="ZMM082_TAUX_SUPP_CDS.ZPU082DIV_VHType" Multiplicity="1" Role="ToRole_assoc_A774B06924AB3838D9A4E6E2B9D669B6"/></Association>
			<EntityContainer Name="ZMM082_TAUX_SUPP_CDS_Entities" m:IsDefaultEntityContainer="true" sap:supported-formats="atom json xlsx"><EntitySet Name="ZMM082_taux_supp" EntityType="ZMM082_TAUX_SUPP_CDS.ZMM082_taux_suppType" sap:creatable="false" sap:updatable="false"
				sap:deletable="false" sap:searchable="true" sap:content-version="1"/><EntitySet Name="ZPU082DIV_VH" EntityType="ZMM082_TAUX_SUPP_CDS.ZPU082DIV_VHType" sap:creatable="false" sap:updatable="false"
				sap:deletable="false" sap:searchable="true" sap:content-version="1"/><EntitySet Name="ZPU082Ekorg_VH" EntityType="ZMM082_TAUX_SUPP_CDS.ZPU082Ekorg_VHType" sap:creatable="false" sap:updatable="false"
				sap:deletable="false" sap:searchable="true" sap:content-version="1"/><EntitySet Name="ZPU082Lifnr_VH" EntityType="ZMM082_TAUX_SUPP_CDS.ZPU082Lifnr_VHType" sap:creatable="false" sap:updatable="false"
				sap:deletable="false" sap:searchable="true" sap:content-version="1"/>
				<AssociationSet Name="assoc_A774B06924AB3838D9A4E6E2B9D669B6" Association="ZMM082_TAUX_SUPP_CDS.assoc_A774B06924AB3838D9A4E6E2B9D669B6"
					sap:creatable="false" sap:updatable="false" sap:deletable="false" sap:content-version="1"><End EntitySet="ZMM082_taux_supp" Role="FromRole_assoc_A774B06924AB3838D9A4E6E2B9D669B6"/><End EntitySet="ZPU082DIV_VH" Role="ToRole_assoc_A774B06924AB3838D9A4E6E2B9D669B6"/></AssociationSet>
				<AssociationSet Name="assoc_1D80A27088483DF8517C3E3C4A6983E5" Association="ZMM082_TAUX_SUPP_CDS.assoc_1D80A27088483DF8517C3E3C4A6983E5"
					sap:creatable="false" sap:updatable="false" sap:deletable="false" sap:content-version="1"><End EntitySet="ZMM082_taux_supp" Role="FromRole_assoc_1D80A27088483DF8517C3E3C4A6983E5"/><End EntitySet="ZPU082Ekorg_VH" Role="ToRole_assoc_1D80A27088483DF8517C3E3C4A6983E5"/></AssociationSet>
				<AssociationSet Name="assoc_A102FC3CA9DB333BD62FC23446251F56" Association="ZMM082_TAUX_SUPP_CDS.assoc_A102FC3CA9DB333BD62FC23446251F56"
					sap:creatable="false" sap:updatable="false" sap:deletable="false" sap:content-version="1"><End EntitySet="ZMM082_taux_supp" Role="FromRole_assoc_A102FC3CA9DB333BD62FC23446251F56"/><End EntitySet="ZPU082Lifnr_VH" Role="ToRole_assoc_A102FC3CA9DB333BD62FC23446251F56"/></AssociationSet>
			</EntityContainer>
			<Annotations xmlns="http://docs.oasis-open.org/odata/ns/edm" Target="ZMM082_TAUX_SUPP_CDS.ZMM082_taux_suppType/lifnr">
				<Annotation Term="Common.ValueList">
					<Record><PropertyValue Property="Label" String="search field lifnr"/><PropertyValue Property="CollectionPath" String="ZPU082Lifnr_VH"/><PropertyValue Property="SearchSupported" Bool="true"/>
						<PropertyValue Property="Parameters">
							<Collection>
								<Record Type="Common.ValueListParameterInOut"><PropertyValue Property="LocalDataProperty" PropertyPath="lifnr"/><PropertyValue Property="ValueListProperty" String="lifnr"/></Record>
							</Collection>
						</PropertyValue>
					</Record>
				</Annotation>
			</Annotations>
			<Annotations xmlns="http://docs.oasis-open.org/odata/ns/edm" Target="ZMM082_TAUX_SUPP_CDS.ZMM082_taux_suppType/division">
				<Annotation Term="Common.ValueList">
					<Record><PropertyValue Property="Label" String="search field division"/><PropertyValue Property="CollectionPath" String="ZPU082DIV_VH"/><PropertyValue Property="SearchSupported" Bool="true"/>
						<PropertyValue Property="Parameters">
							<Collection>
								<Record Type="Common.ValueListParameterInOut"><PropertyValue Property="LocalDataProperty" PropertyPath="division"/><PropertyValue Property="ValueListProperty" String="werks"/></Record>
							</Collection>
						</PropertyValue>
					</Record>
				</Annotation>
			</Annotations>
			<Annotations xmlns="http://docs.oasis-open.org/odata/ns/edm" Target="ZMM082_TAUX_SUPP_CDS.ZMM082_taux_suppType/ekorg">
				<Annotation Term="Common.ValueList">
					<Record><PropertyValue Property="Label" String="search field Orga com"/><PropertyValue Property="CollectionPath" String="ZPU082Ekorg_VH"/><PropertyValue Property="SearchSupported" Bool="true"/>
						<PropertyValue Property="Parameters">
							<Collection>
								<Record Type="Common.ValueListParameterInOut"><PropertyValue Property="LocalDataProperty" PropertyPath="ekorg"/><PropertyValue Property="ValueListProperty" String="ekorg"/></Record>
							</Collection>
						</PropertyValue>
					</Record>
				</Annotation>
			</Annotations><atom:link xmlns:atom="http://www.w3.org/2005/Atom" rel="self" href="./sap/ZMM082_TAUX_SUPP_CDS/$metadata"/><atom:link xmlns:atom="http://www.w3.org/2005/Atom" rel="latest-version" href="./sap/ZMM082_TAUX_SUPP_CDS/$metadata"/></Schema>
	</edmx:DataServices>
</edmx:Edmx>