<edmx:Edmx xmlns:edmx="http://schemas.microsoft.com/ado/2007/06/edmx"
	xmlns:m="http://schemas.microsoft.com/ado/2007/08/dataservices/metadata" xmlns:sap="http://www.sap.com/Protocols/SAPData" Version="1.0">
	<edmx:DataServices m:DataServiceVersion="2.0">
		<Schema xmlns="http://schemas.microsoft.com/ado/2008/09/edm" Namespace="ZMM082_DETAILS_SRV" xml:lang="fr" sap:schema-version="1">
			<EntityType Name="zmm82_details" sap:content-version="1">
				<Key><PropertyRef Name="Ebeln"/><PropertyRef Name="Ebelp"/><PropertyRef Name="Lifnr"/><PropertyRef Name="Division"/></Key><Property Name="Ebeln" Type="Edm.String" Nullable="false" MaxLength="10" sap:unicode="false" sap:label="Document achat"
					sap:creatable="false" sap:updatable="false" sap:sortable="false" sap:filterable="false"/><Property Name="Ebelp" Type="Edm.String" Nullable="false" MaxLength="5" sap:unicode="false" sap:label="Poste" sap:creatable="false"
					sap:updatable="false" sap:sortable="false" sap:filterable="false"/><Property Name="Lifnr" Type="Edm.String" Nullable="false" MaxLength="10" sap:unicode="false" sap:label="Fournisseur" sap:creatable="false"
					sap:updatable="false" sap:sortable="false" sap:filterable="false"/><Property Name="Division" Type="Edm.String" Nullable="false" MaxLength="4" sap:unicode="false" sap:label="Division" sap:creatable="false"
					sap:updatable="false" sap:sortable="false" sap:filterable="false"/><Property Name="Ekorg" Type="Edm.String" Nullable="false" MaxLength="4" sap:unicode="false" sap:label="Organis. achats"
					sap:creatable="false" sap:updatable="false" sap:sortable="false" sap:filterable="false"/><Property Name="Datelp" Type="Edm.DateTime" Nullable="false" Precision="7" sap:unicode="false" sap:label="Date" sap:creatable="false"
					sap:updatable="false" sap:sortable="false" sap:filterable="false"/><Property Name="Daterl" Type="Edm.DateTime" Nullable="false" Precision="7" sap:unicode="false" sap:label="Date" sap:creatable="false"
					sap:updatable="false" sap:sortable="false" sap:filterable="false"/><Property Name="Mois" Type="Edm.String" Nullable="false" MaxLength="2" sap:unicode="false" sap:label="Composante du n° de version"
					sap:creatable="false" sap:updatable="false" sap:sortable="false" sap:filterable="false"/><Property Name="Lpein" Type="Edm.String" Nullable="false" MaxLength="1" sap:unicode="false" sap:label="Date livraison" sap:creatable="false"
					sap:updatable="false" sap:sortable="false" sap:filterable="false"/><Property Name="Lfgja" Type="Edm.String" Nullable="false" MaxLength="4" sap:unicode="false" sap:label="Ex.pér.en cours"
					sap:creatable="false" sap:updatable="false" sap:sortable="false" sap:filterable="false"/><Property Name="QtePrev" Type="Edm.Decimal" Nullable="false" Precision="13" Scale="3" sap:unicode="false" sap:label="Quantité"
					sap:creatable="false" sap:updatable="false" sap:sortable="false" sap:filterable="false"/><Property Name="QteRec" Type="Edm.Decimal" Nullable="false" Precision="13" Scale="3" sap:unicode="false" sap:label="Quantité"
					sap:creatable="false" sap:updatable="false" sap:sortable="false" sap:filterable="false"/><Property Name="RespQte" Type="Edm.String" Nullable="false" MaxLength="2" sap:unicode="false" sap:label="Composante du n° de version"
					sap:creatable="false" sap:updatable="false" sap:sortable="false" sap:filterable="false"/><Property Name="RespDate" Type="Edm.String" Nullable="false" MaxLength="2" sap:unicode="false" sap:label="Composante du n° de version"
					sap:creatable="false" sap:updatable="false" sap:sortable="false" sap:filterable="false"/><Property Name="RespGlob" Type="Edm.String" Nullable="false" MaxLength="2" sap:unicode="false" sap:label="Composante du n° de version"
					sap:creatable="false" sap:updatable="false" sap:sortable="false" sap:filterable="false"/></EntityType>
			<EntityContainer Name="ZMM082_DETAILS_SRV_Entities" m:IsDefaultEntityContainer="true" sap:supported-formats="atom json xlsx"><EntitySet Name="zmm82_detailsSet" EntityType="ZMM082_DETAILS_SRV.zmm82_details" sap:creatable="false" sap:updatable="false"
				sap:deletable="false" sap:pageable="false" sap:content-version="1"/></EntityContainer><atom:link xmlns:atom="http://www.w3.org/2005/Atom" rel="self" href="./sap/ZMM082_DETAILS_SRV/$metadata"/><atom:link xmlns:atom="http://www.w3.org/2005/Atom" rel="latest-version" href="./sap/ZMM082_DETAILS_SRV/$metadata"/></Schema>
	</edmx:DataServices>
</edmx:Edmx>