<edmx:Edmx xmlns:edmx="http://schemas.microsoft.com/ado/2007/06/edmx"
	xmlns:m="http://schemas.microsoft.com/ado/2007/08/dataservices/metadata" xmlns:sap="http://www.sap.com/Protocols/SAPData" Version="1.0">
	<edmx:Reference xmlns:edmx="http://docs.oasis-open.org/odata/ns/edmx"
		Uri="https://opera-dev.groupe-atlantic.com:443/sap/opu/odata/IWFND/CATALOGSERVICE;v=2/Vocabularies(TechnicalName='%2FIWBEP%2FVOC_COMMON',Version='0001',SAP__Origin='LOCAL')/$value"><edmx:Include Namespace="com.sap.vocabularies.Common.v1" Alias="Common"/></edmx:Reference>
	<edmx:Reference xmlns:edmx="http://docs.oasis-open.org/odata/ns/edmx"
		Uri="https://opera-dev.groupe-atlantic.com:443/sap/opu/odata/IWFND/CATALOGSERVICE;v=2/Vocabularies(TechnicalName='%2FIWBEP%2FVOC_CAPABILITIES',Version='0001',SAP__Origin='LOCAL')/$value"><edmx:Include Namespace="Org.OData.Capabilities.V1" Alias="Capabilities"/></edmx:Reference>
	<edmx:Reference xmlns:edmx="http://docs.oasis-open.org/odata/ns/edmx"
		Uri="https://opera-dev.groupe-atlantic.com:443/sap/opu/odata/IWFND/CATALOGSERVICE;v=2/Vocabularies(TechnicalName='%2FIWBEP%2FVOC_COMMUNICATION',Version='0001',SAP__Origin='LOCAL')/$value"><edmx:Include Namespace="com.sap.vocabularies.Communication.v1" Alias="Communication"/></edmx:Reference>
	<edmx:DataServices m:DataServiceVersion="2.0">
		<Schema xmlns="http://schemas.microsoft.com/ado/2008/09/edm" Namespace="ZMM082_RATES_SRV" xml:lang="fr" sap:schema-version="1">
			<EntityType Name="ZPU082_rates_vType" sap:label="Liste de sociétés et seuils" sap:content-version="1">
				<Key><PropertyRef Name="ekorg"/><PropertyRef Name="rate"/></Key><Property Name="ekorg" Type="Edm.String" Nullable="false" MaxLength="4" sap:display-format="UpperCase" sap:label="Organisation achats"
					sap:quickinfo="Organisation d'achats"/><Property Name="rate" Type="Edm.Int32" Nullable="false" sap:label="Nombre entier"
					sap:quickinfo="Nbre entier avec signe +/- (-2.147.483.648 .. 2.147.483.647)"/></EntityType>
			<EntityContainer Name="ZMM082_RATES_SRV_Entities" m:IsDefaultEntityContainer="true" sap:supported-formats="atom json xlsx"><EntitySet Name="ZPU082_rates_v" EntityType="ZMM082_RATES_SRV.ZPU082_rates_vType" sap:creatable="false" sap:updatable="false"
				sap:deletable="false" sap:content-version="1"/></EntityContainer><atom:link xmlns:atom="http://www.w3.org/2005/Atom" rel="self"
				href="https://opera-dev.groupe-atlantic.com:443/sap/opu/odata/sap/ZMM082_RATES_SRV/$metadata"/><atom:link xmlns:atom="http://www.w3.org/2005/Atom" rel="latest-version"
				href="https://opera-dev.groupe-atlantic.com:443/sap/opu/odata/sap/ZMM082_RATES_SRV/$metadata"/></Schema>
	</edmx:DataServices>
</edmx:Edmx>